sha256,method,source
706BCDDDC27DC63993F9DECE9FBE1E26C9AE5E3A639DAF1B4D8C904E10F46B7A,<ˆ.ʿ.ʿ.ˋ.ˊ$ˈ: boolean ˆ()>,<BuildClass: java.lang.String getFINGERPRINT()>
D21E711C5806280D971A8098040F259B68939C958F69E27EB94D346B2DB0A539,<ˆ.ʿ.ʿ.ˋ.ˊ$ˈ: boolean ˆ()>,<BuildClass: java.lang.String getMODEL()>
2B7F0649BA73E409E15B76DAEDF350EEBCDDB077239F8294C1B0BF6349FFD564,<abz.ebvfanw.jzhttlkfj.l: boolean l()>,<BuildClass: java.lang.String getFINGERPRINT()>
4761163B90E6E7AE170D5A4E8BDE3186ADC79534137A5A6F25A972253600D475,<ooz.obvfhvs.tlkweqels.l: boolean l()>,<BuildClass: java.lang.String getFINGERPRINT()>
5C635839198ADAF7E43C51FD0B425D93B6CA21108962784F81F4AD032EE56D70,<huu.oaikfbh.kwaenuxgg.l: boolean l()>,<BuildClass: java.lang.String getFINGERPRINT()>
B80ADD5DB20AD56B354B31250B1DDDA872E06EB593502CC4626B3C9CE362F448,<wjz.ogaaxkt.ooptbbdoc.l: boolean l()>,<BuildClass: java.lang.String getFINGERPRINT()>
D280F850FE3BB3D6993CD54DF804F1C04D591C4146907205A759060719ABF4B2,<rfn.ssnczpv.edntifvjr.l: boolean l()>,<BuildClass: java.lang.String getFINGERPRINT()>
E157DB4EDD7734D71A36AB5D0575F9CDAB0BCF4459454010A114F28CC3ADF6A3,<bom.bowqsdu.dycezoyrv.l: boolean l()>,<BuildClass: java.lang.String getFINGERPRINT()>
FA4C892250A117639D2AE3E0AB274F74541AA3F8525C09E0D7A37AC39D9FD50C,<cfv.xezeeon.fcqwoyhpp.l: boolean l()>,<BuildClass: java.lang.String getFINGERPRINT()>
4D777E54BF3DCDD9F3B88F4710976294097A61D7C77D4321525C9B879480F1E3,<com.appsgeyser.sdk.server.network.NetworkManager: boolean isOnline(android.content.Context)>,<android.net.ConnectivityManager: android.net.NetworkInfo getActiveNetworkInfo()>
77907EF69C075A3736DF7019B81AEDEA29F2BF2A4283588A8C42D4DC783A4BA9,<com.appsgeyser.sdk.server.network.NetworkManager: boolean isOnline(android.content.Context)>,<android.net.ConnectivityManager: android.net.NetworkInfo getActiveNetworkInfo()>
759A51524BA70C9A6C6D93FD45FCF4252589811967C296575274B972CFFAB820,<com.appsgeyser.sdk.server.network.NetworkManager: boolean isOnline(android.content.Context)>,<android.net.ConnectivityManager: android.net.NetworkInfo getActiveNetworkInfo()>
3B18A97452C57C4C76F02D70067186F9BB6281EE8A46656528D96FC6BDDBE86D,<com.appsgeyser.sdk.server.network.NetworkManager: boolean isOnline(android.content.Context)>,<android.net.ConnectivityManager: android.net.NetworkInfo getActiveNetworkInfo()>
D1CCEE98C9EA6FD0FA2305F1579EB64A24C6381EF1E196E414F1782BD8B2D637,<com.appsgeyser.sdk.server.network.NetworkManager: boolean isOnline(android.content.Context)>,<android.net.ConnectivityManager: android.net.NetworkInfo getActiveNetworkInfo()>
A19519BC368F205FFF4C9C0FA73936676CFB374A918EFC32A685C0F8A7A99409,<waf.kfpegbu.jmmraovie.l: boolean l()>,<BuildClass: java.lang.String getFINGERPRINT()>
159B040C32C909A1DDDCFD56FDE7579D02E6CF91E74443BEC3C64C2BF6EED29A,<com.appsgeyser.sdk.server.network.NetworkManager: boolean isOnline(android.content.Context)>,<android.net.ConnectivityManager: android.net.NetworkInfo getActiveNetworkInfo()>
237C1B47ED054826264BD09C1B5B06A96826EAECDEAF602EEBCDAB2C350F6D30,<com.appsgeyser.sdk.server.network.NetworkManager: boolean isOnline(android.content.Context)>,<android.net.ConnectivityManager: android.net.NetworkInfo getActiveNetworkInfo()>
2974DB0DA04E18269698FEA1FFEA0487846A1A1FDE82DDF96B0293A203CFE964,<com.appsgeyser.sdk.server.network.NetworkManager: boolean isOnline(android.content.Context)>,<android.net.ConnectivityManager: android.net.NetworkInfo getActiveNetworkInfo()>
2AB582DA915922E5861CD2FF717E7A69356E539B14C33B779A508AF0EF305DC2,<com.appsgeyser.sdk.server.network.NetworkManager: boolean isOnline(android.content.Context)>,<android.net.ConnectivityManager: android.net.NetworkInfo getActiveNetworkInfo()>
3DB5473E8471237AF24BFD5BEC3EA885462DD0D515ECEE4C97B706DE1D83FC74,<com.appsgeyser.sdk.server.network.NetworkManager: boolean isOnline(android.content.Context)>,<android.net.ConnectivityManager: android.net.NetworkInfo getActiveNetworkInfo()>
3E6417EF5AAA401F94431638C379E2DE2622FDB73247FC141710AF39C464D276,<com.appsgeyser.sdk.server.network.NetworkManager: boolean isOnline(android.content.Context)>,<android.net.ConnectivityManager: android.net.NetworkInfo getActiveNetworkInfo()>
4711071AA456A562C8C0CDA0925AACE08BE10038EA0CDB57FA2C53CE08C1C3C0,<com.appsgeyser.sdk.server.network.NetworkManager: boolean isOnline(android.content.Context)>,<android.net.ConnectivityManager: android.net.NetworkInfo getActiveNetworkInfo()>
4C7AC10AA4FDCC776047BAB2966DD1FE0B5D4926FBC83726B85814725D60FA66,<com.appsgeyser.sdk.server.network.NetworkManager: boolean isOnline(android.content.Context)>,<android.net.ConnectivityManager: android.net.NetworkInfo getActiveNetworkInfo()>
534D96993DBFD672A4927C5B0E8D072186FC3CF9289F491640085931F24450C3,<com.appsgeyser.sdk.server.network.NetworkManager: boolean isOnline(android.content.Context)>,<android.net.ConnectivityManager: android.net.NetworkInfo getActiveNetworkInfo()>
59D82A8D700765DF3AC99A563444ED7801A1BC7CF36A2EC9B13FBDF021300A97,<com.appsgeyser.sdk.server.network.NetworkManager: boolean isOnline(android.content.Context)>,<android.net.ConnectivityManager: android.net.NetworkInfo getActiveNetworkInfo()>
6112C09C8A8C85F53195302ADD572997D8F8B63CB2EA52D7450B346306F14D30,<com.appsgeyser.sdk.server.network.NetworkManager: boolean isOnline(android.content.Context)>,<android.net.ConnectivityManager: android.net.NetworkInfo getActiveNetworkInfo()>
7B86E889319A6264155C80FB3EE0EA1B9950F790202AF5447845192DF9284932,<com.appsgeyser.sdk.server.network.NetworkManager: boolean isOnline(android.content.Context)>,<android.net.ConnectivityManager: android.net.NetworkInfo getActiveNetworkInfo()>
8887C5EE85AFE38DA12505BDBCAADA1A2DACDE1A56857607DBF51398EBE1DFA0,<com.appsgeyser.sdk.server.network.NetworkManager: boolean isOnline(android.content.Context)>,<android.net.ConnectivityManager: android.net.NetworkInfo getActiveNetworkInfo()>
40AEC26BF7125ABB0EEF068EC01915913F77FED2B5881D5106144EEA877FF484,<com.stub.StubApp: void attachBaseContext(android.content.Context)>,<BuildClass: java.lang.String getCPU_ABI()>
3C17475B0789290E41196B7E76E2175DEE067DD6F3F9401736746673FE78D6FD,<com.stub.StubApp: void attachBaseContext(android.content.Context)>,<BuildClass: java.lang.String getCPU_ABI()>
0407FCE51DA6BA98938668F64C61FFE44EDFFF59523F022B8B3BB72F9D6CAB52,<com.stub.StubApp: void attachBaseContext(android.content.Context)>,<BuildClass: java.lang.String getCPU_ABI()>
19397DCD64B53AD6F94D19976932AF2CF9DE25ADF0BAA44625CAFACD0CC5149E,<com.stub.StubApp: void attachBaseContext(android.content.Context)>,<BuildClass: java.lang.String getCPU_ABI()>
8F83708D0CD515549307C6B77F0759F94FB9ACE9A5DEC36A29813A8155296A64,<com.appsgeyser.sdk.server.network.NetworkManager: boolean isOnline(android.content.Context)>,<android.net.ConnectivityManager: android.net.NetworkInfo getActiveNetworkInfo()>
BB40D41D43D26E47D270FDA39AD44635374E806F3E1F8C30BA91E8FE05B2D292,<com.appsgeyser.sdk.server.network.NetworkManager: boolean isOnline(android.content.Context)>,<android.net.ConnectivityManager: android.net.NetworkInfo getActiveNetworkInfo()>
C13FD95087E9826D2534AAEC9B3B41DDC7553BCF7C05B1D20AC2159E6998BF7A,<com.appsgeyser.sdk.server.network.NetworkManager: boolean isOnline(android.content.Context)>,<android.net.ConnectivityManager: android.net.NetworkInfo getActiveNetworkInfo()>
C9E38481D41E0020783007A958C120A4D18C2B126DEEAD003ECD84B1F971FCD8,<com.appsgeyser.sdk.server.network.NetworkManager: boolean isOnline(android.content.Context)>,<android.net.ConnectivityManager: android.net.NetworkInfo getActiveNetworkInfo()>
E304DECB46F4750FD8C6DF0CF6A0C00DEBE6AB4899BF292681D83D9904122D58,<com.appsgeyser.sdk.server.network.NetworkManager: boolean isOnline(android.content.Context)>,<android.net.ConnectivityManager: android.net.NetworkInfo getActiveNetworkInfo()>
E8DDC12618A984606853D4CD6A0A5F16BE204E48C0036309E1EF7EEB6233E119,<com.appsgeyser.sdk.server.network.NetworkManager: boolean isOnline(android.content.Context)>,<android.net.ConnectivityManager: android.net.NetworkInfo getActiveNetworkInfo()>
13BB6EE25EA5E36BD5E0041D15E6CFF10244B92760E8CCFF50BC1B1E2F6711D4,<com.appsgeyser.sdk.server.network.NetworkManager: boolean isOnline(android.content.Context)>,<android.net.ConnectivityManager: android.net.NetworkInfo getActiveNetworkInfo()>
34A63DD9350A2B5336EF96A3298DBB4F653424187BA60EB6CFD24FDC9D432611,<com.appsgeyser.sdk.server.network.NetworkManager: boolean isOnline(android.content.Context)>,<android.net.ConnectivityManager: android.net.NetworkInfo getActiveNetworkInfo()>
43B75984E1B85934B2D8F56A2164C63FD65672E768C64ADB7F12F02701B8118F,<com.appsgeyser.sdk.server.network.NetworkManager: boolean isOnline(android.content.Context)>,<android.net.ConnectivityManager: android.net.NetworkInfo getActiveNetworkInfo()>
5BC497A0F55AF627CDDB950F497408BCF9C40AB34A9A0B834391B844BC566520,<com.stub.StubApp: void attachBaseContext(android.content.Context)>,<BuildClass: java.lang.String getCPU_ABI()>
5B4E468635CDC07E8FB688B1A4EE1742DCE0E18D87CAF43EC9FD50E4543079F2,<com.stub.StubApp: void attachBaseContext(android.content.Context)>,<BuildClass: java.lang.String getCPU_ABI()>
1EDE33012DD3DBD4F7A5101EFCDD07CF47287EB1F7B15D2FCE74817761A6A724,<net.adxmi.android.b.a.f.b: java.lang.String a(android.content.Context)>,<android.telephony.TelephonyManager: int getPhoneType()>
F999FBB9106221298979E0CE4F85B234234421F9C68CDAFAE83407CF6CE465ED,<mono.MonoPackageManager: boolean isEmulator()>,<BuildClass: java.lang.String getHARDWARE()>
4F7C8103BAD51B7D0E184C60C18D892770A9F2587464A452E81EFA1DDF066FCC,<com.stub.StubApp: void attachBaseContext(android.content.Context)>,<BuildClass: java.lang.String getCPU_ABI()>
681CE0314CAC75CF26DC96356C325857840C4EF643FCF5710E08F4D92CC864CF,<com.stub.StubApp: void attachBaseContext(android.content.Context)>,<BuildClass: java.lang.String getCPU_ABI()>
A510316B544C36788F7C3FAE498D6904E950EAC4B8E8DF3D33D07DF00405E859,<com.stub.StubApp: void attachBaseContext(android.content.Context)>,<BuildClass: java.lang.String getCPU_ABI()>
DCF81B1723FE9478E2783043EF29B3A81AD499A2A5976495D254FDA0EDFFFE29,<com.stub.StubApp: void attachBaseContext(android.content.Context)>,<BuildClass: java.lang.String getCPU_ABI()>
C9026503013AC9D5B6C264391AEA87E0992A934A6BE1B4EE397151482AA23EE4,"<a.b.d.g.b: a.b.d.g.b$f[] i(android.content.Context,a.b.d.g.a,java.lang.String,android.os.CancellationSignal)>",<android.database.Cursor: int getColumnIndex(java.lang.String)>
EF436DEFF80D828CC77B600B6C62F17A8B416C06B8297B32031CE37E591CAFDA,"<a.b.d.g.b: a.b.d.g.b$f[] i(android.content.Context,a.b.d.g.a,java.lang.String,android.os.CancellationSignal)>",<android.database.Cursor: int getColumnIndex(java.lang.String)>
